id,conversation_id,created_at,date,time,timezone,user_id,username,name,place,tweet,language,mentions,urls,photos,replies_count,retweets_count,likes_count,hashtags,cashtags,link,retweet,quote_url,video,thumbnail,near,geo,source,user_rt_id,user_rt,retweet_id,reply_to,retweet_date,translate,trans_src,trans_dest
1397227943236145156,1397227943236145156,2021-05-25 11:27:55 Hora de verano central (M√©xico),2021-05-25,11:27:55,-0500,902926941413453824,cz_binance,CZ üî∂ Binance,,Just a matter of time.  #BTC #BNB,en,[],[],[],38,2559,19502,"['btc', 'bnb']",[],https://twitter.com/cz_binance/status/1397227943236145156,False,,0,,,,,,,,[],,,,
1395411464266031106,1395411464266031106,2021-05-20 11:09:53 Hora de verano central (M√©xico),2021-05-20,11:09:53,-0500,902926941413453824,cz_binance,CZ üî∂ Binance,,"Slap yourself,   if you sold #BTC under $100,000.",en,[],[],[],1904,4475,24123,['btc'],[],https://twitter.com/cz_binance/status/1395411464266031106,False,https://twitter.com/cz_binance/status/1157075839495761920,0,,,,,,,,[],,,,
1390558866560090113,1390547570292785156,2021-05-07 01:47:23 Hora de verano central (M√©xico),2021-05-07,01:47:23,-0500,902926941413453824,cz_binance,CZ üî∂ Binance,,"@ali_ah64d My tweet was a ""fill in the blank"" tweet. Also, MANY people said similar things to the later half of your tweet for my slap btc $10000 tweet.",en,[],[],[],8,0,59,[],[],https://twitter.com/cz_binance/status/1390558866560090113,False,,0,,,,,,,,"[{'screen_name': 'ali_ah64d', 'name': 'ali asghar habibpour', 'id': '1729759152'}]",,,,
1390166944771280905,1390166944771280905,2021-05-05 23:50:02 Hora de verano central (M√©xico),2021-05-05,23:50:02,-0500,902926941413453824,cz_binance,CZ üî∂ Binance,,"In crypto, an abandoned meme coin over takes many hard working projects, and currently barking üê© at the top 3 spot. haha... üòÜ  There are many things in crypto that I don't understand. Such is the power of decentralization.  I like #BTC, #ETH, #BNB, #DOGE and more.",en,[],[],[],26,1209,7545,"['btc', 'eth', 'bnb', 'doge']",[],https://twitter.com/cz_binance/status/1390166944771280905,False,,0,,,,,,,,[],,,,
1389619160812986369,1389619160812986369,2021-05-04 11:33:20 Hora de verano central (M√©xico),2021-05-04,11:33:20,-0500,902926941413453824,cz_binance,CZ üî∂ Binance,,"I under estimated $DOGE, and #ETH, and #BTC, and #BNB, and many more.  Not financial advice.",en,[],[],[],2781,4348,30526,"['eth', 'btc', 'bnb']",['doge'],https://twitter.com/cz_binance/status/1389619160812986369,False,,0,,,,,,,,[],,,,
1389195181778374660,1389195181778374660,2021-05-03 07:28:35 Hora de verano central (M√©xico),2021-05-03,07:28:35,-0500,902926941413453824,cz_binance,CZ üî∂ Binance,,"Well, there is an old joke in #crypto... It goes  If you missed #btc when it was at 100 billion market cap, well, there is #b..  Joke. Not financial advice.",en,[],[],[],11,559,3242,"['crypto', 'btc', 'b']",[],https://twitter.com/cz_binance/status/1389195181778374660,False,https://twitter.com/Crypto_bn/status/1389193469520797700,0,,,,,,,,[],,,,
1389154453543022595,1389154453543022595,2021-05-03 04:46:45 Hora de verano central (M√©xico),2021-05-03,04:46:45,-0500,902926941413453824,cz_binance,CZ üî∂ Binance,,"Just finished a live session on Bloomberg Europe. And we are talking BTC, ETH, BNB, Alts non stop. Also talked about NFTs, Digital Yuan, and why companies don't go public (including BloombergüòÜ). Thanks for having me. Always a courteous retweet.üôè   https://t.co/0Xylr2HNfE",en,[],['https://www.bloomberg.com/live/europe'],[],500,748,4445,[],[],https://twitter.com/cz_binance/status/1389154453543022595,False,,0,,,,,,,,[],,,,
1388853369096196100,1388845024171806725,2021-05-02 08:50:21 Hora de verano central (M√©xico),2021-05-02,08:50:21,-0500,902926941413453824,cz_binance,CZ üî∂ Binance,,@Crypto_bn Heard that about BTC before...,en,[],[],[],98,66,1756,[],[],https://twitter.com/cz_binance/status/1388853369096196100,False,,0,,,,,,,,"[{'screen_name': 'Crypto_bn', 'name': 'Crypto ‚Çø üç•üî∂', 'id': '1371885687767658496'}]",,,,
1381961338591748104,1381960108540710915,2021-04-13 08:23:53 Hora de verano central (M√©xico),2021-04-13,08:23:53,-0500,902926941413453824,cz_binance,CZ üî∂ Binance,,"@CryptoBethany This time, it's #btc leading, i think. Beast follows Beauty.",en,[],[],[],46,53,589,['btc'],[],https://twitter.com/cz_binance/status/1381961338591748104,False,,0,,,,,,,,"[{'screen_name': 'CryptoBethany', 'name': 'Crypto ‚Çøethany üíïüî∂', 'id': '1275404514778951680'}]",,,,
1381884266091438084,1381884266091438084,2021-04-13 03:17:37 Hora de verano central (M√©xico),2021-04-13,03:17:37,-0500,902926941413453824,cz_binance,CZ üî∂ Binance,,#BTC not in a dip.  https://t.co/xtf9cn7lgN,en,[],[],['https://pbs.twimg.com/media/Ey1wVDCUUAALumh.png'],14,561,4775,['btc'],[],https://twitter.com/cz_binance/status/1381884266091438084,False,,1,https://pbs.twimg.com/media/Ey1wVDCUUAALumh.png,,,,,,,[],,,,
1380161040734883855,1380161040734883855,2021-04-08 09:10:08 Hora de verano central (M√©xico),2021-04-08,09:10:08,-0500,902926941413453824,cz_binance,CZ üî∂ Binance,,#BNB is at ATH even against #BTC! That is something. üëèüëèüëè  https://t.co/QpBnMnLjSy,en,[],[],['https://pbs.twimg.com/media/EydQ6bBWEAYlP8h.jpg'],39,826,5855,"['bnb', 'btc']",[],https://twitter.com/cz_binance/status/1380161040734883855,False,,1,https://pbs.twimg.com/media/EydQ6bBWEAYlP8h.jpg,,,,,,,[],,,,
1379647749910622211,1379647749910622211,2021-04-06 23:10:30 Hora de verano central (M√©xico),2021-04-06,23:10:30,-0500,902926941413453824,cz_binance,CZ üî∂ Binance,,"I personally only hold 2 coins: #BTC bought some in 2014 #BNB higher volatility/risk than btc  Don't have time to research other coins.  @Binance hold a bit of everything listed, as many people still don't know to save on fees using #BNB.",en,"[{'screen_name': 'binance', 'name': 'binance', 'id': '877807935493033984'}]",[],[],576,552,4732,"['btc', 'bnb', 'bnb']",[],https://twitter.com/cz_binance/status/1379647749910622211,False,,0,,,,,,,,[],,,,
1377529819685027843,1377529819685027843,2021-04-01 01:54:36 Hora est√°ndar central (M√©xico),2021-04-01,01:54:36,-0500,902926941413453824,cz_binance,CZ üî∂ Binance,,I am thinking of buying 1 #BTC worth of fiat. ü§î  Not financial advice. And happy April Fools!,en,[],[],[],694,521,6152,['btc'],[],https://twitter.com/cz_binance/status/1377529819685027843,False,,0,,,,,,,,[],,,,
1376954080606580736,1376954080606580736,2021-03-30 11:46:50 Hora est√°ndar central (M√©xico),2021-03-30,11:46:50,-0500,902926941413453824,cz_binance,CZ üî∂ Binance,,"I think I saw a number above $300.xx when I opened the  https://t.co/ukvU1dD0G1 homepage just now, then it became $299.61. We are still in the dip. #BNB #BTC  Not financial advice.  https://t.co/qC2XjlAo9v",en,[],['http://binance.com'],['https://pbs.twimg.com/media/ExvsBrBUUAAaa6u.png'],27,504,3445,"['bnb', 'btc']",[],https://twitter.com/cz_binance/status/1376954080606580736,False,,1,https://pbs.twimg.com/media/ExvsBrBUUAAaa6u.png,,,,,,,[],,,,
1376551859393949696,1376551859393949696,2021-03-29 09:08:33 Hora est√°ndar central (M√©xico),2021-03-29,09:08:33,-0500,902926941413453824,cz_binance,CZ üî∂ Binance,,We are still in the dip. Not financial advice.  #BTC #BNB  https://t.co/YhVQbWPgAT,en,[],[],['https://pbs.twimg.com/media/Exp-cPEVEAAGnyT.jpg'],851,863,6135,"['btc', 'bnb']",[],https://twitter.com/cz_binance/status/1376551859393949696,False,,1,https://pbs.twimg.com/media/Exp-cPEVEAAGnyT.jpg,,,,,,,[],,,,
1373170868705107970,1373170868705107970,2021-03-20 01:13:42 Hora est√°ndar central (M√©xico),2021-03-20,01:13:42,-0500,902926941413453824,cz_binance,CZ üî∂ Binance,,#btc has no top.  Not financial advice.,en,[],[],[],742,892,7390,['btc'],[],https://twitter.com/cz_binance/status/1373170868705107970,False,,0,,,,,,,,[],,,,
1372790741743796226,1372586742826508292,2021-03-19 00:03:12 Hora est√°ndar central (M√©xico),2021-03-19,00:03:12,-0500,902926941413453824,cz_binance,CZ üî∂ Binance,,@ink_lorenzo People had the same comments about #btc back in 2015. Most people refused even the possibility of a $50k #btc until about a month ago.,en,[],[],[],13,12,159,"['btc', 'btc']",[],https://twitter.com/cz_binance/status/1372790741743796226,False,,0,,,,,,,,"[{'screen_name': 'ink_lorenzo', 'name': 'Ink Lorenzo', 'id': '1227733706938503170'}]",,,,
1372586742826508292,1372586742826508292,2021-03-18 10:32:35 Hora est√°ndar central (M√©xico),2021-03-18,10:32:35,-0500,902926941413453824,cz_binance,CZ üî∂ Binance,,"There is an old joke in #crypto.  If you missed the $200 dollar range #btc (2015-ish), well, don't despair, #BNB is still just $270 today.  Not financial advice. Will leave this tweet here for future reference.",en,[],[],[],1053,1618,9605,"['crypto', 'btc', 'bnb']",[],https://twitter.com/cz_binance/status/1372586742826508292,False,,0,,,,,,,,[],,,,
1372376486032801796,1372363253653897216,2021-03-17 20:37:06 Hora est√°ndar central (M√©xico),2021-03-17,20:37:06,-0500,902926941413453824,cz_binance,CZ üî∂ Binance,,"@DocumentingBTC Most companies will not be able to out-perform #btc. That's why we want to decentralize #Binance. On that front, most coins also cannot out-perform #btc. I believe #ETH and #BNB have done so thus far. But keeping up is not easy. #BUIDL.",en,[],[],[],30,66,688,"['btc', 'binance', 'btc', 'eth', 'bnb', 'buidl']",[],https://twitter.com/cz_binance/status/1372376486032801796,False,,0,,,,,,,,"[{'screen_name': 'DocumentingBTC', 'name': 'Documenting Bitcoin üìÑ', 'id': '1337780902680809474'}]",,,,
1370930387300483074,1370930387300483074,2021-03-13 20:50:49 Hora est√°ndar central (M√©xico),2021-03-13,20:50:49,-0500,902926941413453824,cz_binance,CZ üî∂ Binance,,"#btc ATH.  If you have a slight feeling of regret now, just remember what to do on the next dip.  Not financial advice.",en,[],[],[],15,461,3749,['btc'],[],https://twitter.com/cz_binance/status/1370930387300483074,False,,0,,,,,,,,[],,,,
1370696821236932609,1370684803738075138,2021-03-13 05:22:43 Hora est√°ndar central (M√©xico),2021-03-13,05:22:43,-0500,902926941413453824,cz_binance,CZ üî∂ Binance,,@IYKSON_G What‚Äôs good for #btc is good for #bnb.,en,[],[],[],13,8,39,"['btc', 'bnb']",[],https://twitter.com/cz_binance/status/1370696821236932609,False,,0,,,,,,,,"[{'screen_name': 'IYKSON_G', 'name': 'UNAS IYKSON G', 'id': '933462816'}]",,,,
1370692442538741760,1370689817881636864,2021-03-13 05:05:19 Hora est√°ndar central (M√©xico),2021-03-13,05:05:19,-0500,902926941413453824,cz_binance,CZ üî∂ Binance,,"@dinshoo12345 I went all-in on #BTC in 2014, after selling my house, at an average price of about $600 ish. Held through the bear $200 bottom for 2 years. Hard. Held on through all the ATHs. Harder. Gonna #hodl for a while longer. Easy now.  Not financial advice.",en,[],[],[],10,232,1774,"['btc', 'hodl']",[],https://twitter.com/cz_binance/status/1370692442538741760,False,,0,,,,,,,,"[{'screen_name': 'dinshoo12345', 'name': 'dinshoo udit üòé', 'id': '248113390'}]",,,,
1370688123055730695,1370688123055730695,2021-03-13 04:48:09 Hora est√°ndar central (M√©xico),2021-03-13,04:48:09,-0500,902926941413453824,cz_binance,CZ üî∂ Binance,,$60k is cheap for #BTC. Check this tweet in a few years and you will see.  Not financial advice.,en,[],[],[],18,1154,7455,['btc'],[],https://twitter.com/cz_binance/status/1370688123055730695,False,,0,,,,,,,,[],,,,
1370684803738075138,1370684803738075138,2021-03-13 04:34:57 Hora est√°ndar central (M√©xico),2021-03-13,04:34:57,-0500,902926941413453824,cz_binance,CZ üî∂ Binance,,Out of the dip. ATH. #BTC  https://t.co/ZYQ20enJBW,en,[],[],['https://pbs.twimg.com/media/EwWmdYbUcAM8qcH.jpg'],289,522,3799,['btc'],[],https://twitter.com/cz_binance/status/1370684803738075138,False,,1,https://pbs.twimg.com/media/EwWmdYbUcAM8qcH.jpg,,,,,,,[],,,,
1370241738120470529,1370240595982049284,2021-03-11 23:14:22 Hora est√°ndar central (M√©xico),2021-03-11,23:14:22,-0500,902926941413453824,cz_binance,CZ üî∂ Binance,,Many questioned if #BTC was a safe-heaven asset a year ago today. The answer should be clear by now. üëÜ,en,[],[],[],3,122,1068,['btc'],[],https://twitter.com/cz_binance/status/1370241738120470529,False,,0,,,,,,,,[],,,,
1370240595982049284,1370240595982049284,2021-03-11 23:09:50 Hora est√°ndar central (M√©xico),2021-03-11,23:09:50,-0500,902926941413453824,cz_binance,CZ üî∂ Binance,,"A year ago today, doomsday,  #BTC dropped from $8000 to $3775 #BNB dropped from $16 to $6.34  Today:  #BTC: $56,700 (15x) #BNB: $280 (44x)  There are more opportunities today than there were in the past. There will be more opportunities in the future.  Not financial advice.  https://t.co/fCOPmtZOFP",en,[],[],"['https://pbs.twimg.com/media/EwQQ7odVoAE5c81.jpg', 'https://pbs.twimg.com/media/EwQRFobVoAYI3qN.jpg']",18,1104,4538,"['btc', 'bnb', 'btc', 'bnb']",[],https://twitter.com/cz_binance/status/1370240595982049284,False,,1,https://pbs.twimg.com/media/EwQQ7odVoAE5c81.jpg,,,,,,,[],,,,
1369732358903975937,1369732358903975937,2021-03-10 13:30:17 Hora est√°ndar central (M√©xico),2021-03-10,13:30:17,-0500,902926941413453824,cz_binance,CZ üî∂ Binance,,We are still in the dip. #btc  https://t.co/HjAQIV0oc3,en,[],[],['https://pbs.twimg.com/media/EwJEO6eVkAA7vBr.jpg'],23,552,4713,['btc'],[],https://twitter.com/cz_binance/status/1369732358903975937,False,,1,https://pbs.twimg.com/media/EwJEO6eVkAA7vBr.jpg,,,,,,,[],,,,
1369356863091970063,1369356557037735940,2021-03-09 12:38:12 Hora est√°ndar central (M√©xico),2021-03-09,12:38:12,-0500,902926941413453824,cz_binance,CZ üî∂ Binance,,"@BTC_Archive lol, how did you get that number?",en,[],[],[],126,29,1066,[],[],https://twitter.com/cz_binance/status/1369356863091970063,False,,0,,,,,,,,"[{'screen_name': 'BTC_Archive', 'name': 'Bitcoin Archive üóÑüöÄüåî', 'id': '970994516357472257'}]",,,,
1369340510012383238,1369338460688035848,2021-03-09 11:33:13 Hora est√°ndar central (M√©xico),2021-03-09,11:33:13,-0500,902926941413453824,cz_binance,CZ üî∂ Binance,,"@ecomert55 @Lagaless @BTC_Archive Working on it. Twitter is customer service. For some reason, people get more anxious when I go off Twitter. üòÅ",en,[],[],[],1,0,11,[],[],https://twitter.com/cz_binance/status/1369340510012383238,False,,0,,,,,,,,"[{'screen_name': 'ecomert55', 'name': 'Emrettin', 'id': '183709256'}, {'screen_name': 'Lagaless', 'name': 'Lagaless', 'id': '1903978172'}, {'screen_name': 'BTC_Archive', 'name': 'Bitcoin Archive üóÑüöÄüåî', 'id': '970994516357472257'}]",,,,
1369340179035652099,1369338460688035848,2021-03-09 11:31:54 Hora est√°ndar central (M√©xico),2021-03-09,11:31:54,-0500,902926941413453824,cz_binance,CZ üî∂ Binance,,@Lagaless @BTC_Archive Followed as well. Bonus,en,[],[],[],4,2,8,[],[],https://twitter.com/cz_binance/status/1369340179035652099,False,,0,,,,,,,,"[{'screen_name': 'Lagaless', 'name': 'Lagaless üá∏üá¥', 'id': '1903978172'}, {'screen_name': 'BTC_Archive', 'name': 'Bitcoin Archive üóÑüöÄüåî', 'id': '970994516357472257'}]",,,,
1369340068536741897,1369338460688035848,2021-03-09 11:31:28 Hora est√°ndar central (M√©xico),2021-03-09,11:31:28,-0500,902926941413453824,cz_binance,CZ üî∂ Binance,,@Lagaless @BTC_Archive üëÄüòÜ imagine =&gt; reality.,en,[],[],[],5,4,28,[],[],https://twitter.com/cz_binance/status/1369340068536741897,False,,0,,,,,,,,"[{'screen_name': 'Lagaless', 'name': 'Lagaless', 'id': '1903978172'}, {'screen_name': 'BTC_Archive', 'name': 'Bitcoin Archive üóÑüöÄüåî', 'id': '970994516357472257'}]",,,,
1369339044161798145,1369338460688035848,2021-03-09 11:27:23 Hora est√°ndar central (M√©xico),2021-03-09,11:27:23,-0500,902926941413453824,cz_binance,CZ üî∂ Binance,,@BTC_Archive fiat?,hu,[],[],[],65,18,380,[],[],https://twitter.com/cz_binance/status/1369339044161798145,False,,0,,,,,,,,"[{'screen_name': 'BTC_Archive', 'name': 'Bitcoin Archive üóÑüöÄüåî', 'id': '970994516357472257'}]",,,,
1368922220584562691,1368922220584562691,2021-03-08 07:51:05 Hora est√°ndar central (M√©xico),2021-03-08,07:51:05,-0500,902926941413453824,cz_binance,CZ üî∂ Binance,,Oil ‚û°Ô∏è BTC.   https://t.co/ivuwcQkCUS,en,[],['https://www.futurypto.com/2021/03/08/norwegian-oil-billionaire-focused-on-btc-investments/'],[],11,455,2190,[],[],https://twitter.com/cz_binance/status/1368922220584562691,False,,0,,,,,,,,[],,,,
1368640235500826625,1368640235500826625,2021-03-07 13:10:34 Hora est√°ndar central (M√©xico),2021-03-07,13:10:34,-0500,902926941413453824,cz_binance,CZ üî∂ Binance,,There are no inflation in #btc or #bnb.,en,[],[],[],14,373,2882,"['btc', 'bnb']",[],https://twitter.com/cz_binance/status/1368640235500826625,False,,0,,,,,,,,[],,,,
1365912596142956548,1365912596142956548,2021-02-28 00:31:55 Hora est√°ndar central (M√©xico),2021-02-28,00:31:55,-0500,902926941413453824,cz_binance,CZ üî∂ Binance,,"So, I just learned this is not a new type of attack. #BTC maxis have used this tactic on ETH before, causing Etherscan (the most popular ETH explorer, a centralized website) to be blocked in China. There are better ways to deal with this now.",en,[],[],[],5,114,718,['btc'],[],https://twitter.com/cz_binance/status/1365912596142956548,False,https://twitter.com/orenopancake/status/1365906855998877697,0,,,,,,,,[],,,,
1364251231812681729,1364251231812681729,2021-02-23 10:30:14 Hora est√°ndar central (M√©xico),2021-02-23,10:30:14,-0500,902926941413453824,cz_binance,CZ üî∂ Binance,,"Did you ever feel you got into #BTC or #BNB too late? And wanted in a bit earlier?   Well, a dip gives you that chance.  If you will feel that way again later, you know this is the moment to blame ... yourself.  Not financial advice.",en,[],[],[],16,721,4014,"['btc', 'bnb']",[],https://twitter.com/cz_binance/status/1364251231812681729,False,,0,,,,,,,,[],,,,
1364067303571120128,1364067298890289159,2021-02-22 22:19:22 Hora est√°ndar central (M√©xico),2021-02-22,22:19:22,-0500,902926941413453824,cz_binance,CZ üî∂ Binance,,"Just because a new coin is created, does not mean #BTC automatically lose value. The new coin has to get adoption and usage. And in most cases, a new coin that has adoption adds to the value for #BTC and other crypto, as new use cases expands the industry.",en,[],[],[],7,10,150,"['btc', 'btc']",[],https://twitter.com/cz_binance/status/1364067303571120128,False,,0,,,,,,,,[],,,,
1364067301402628099,1364067298890289159,2021-02-22 22:19:22 Hora est√°ndar central (M√©xico),2021-02-22,22:19:22,-0500,902926941413453824,cz_binance,CZ üî∂ Binance,,"If you hold #BTC (or #BNB). They are limited supply.   Yes, many new coins are created daily, but you do not become poorer just because of that, as you don't hold those new coins, and no one is forcing you to hold them, unlike fiat.  Big difference.",en,[],[],[],6,13,164,"['btc', 'bnb']",[],https://twitter.com/cz_binance/status/1364067301402628099,False,,0,,,,,,,,[],,,,
1363054262184382464,1363054262184382464,2021-02-20 03:13:55 Hora est√°ndar central (M√©xico),2021-02-20,03:13:55,-0500,902926941413453824,cz_binance,CZ üî∂ Binance,,"Don't fight the inevitable, embrace it.  #BTC #BNB  https://t.co/6hvbIROyDE",en,[],[],['https://pbs.twimg.com/media/EuqKlIXVoAIBAlh.jpg'],716,1162,9238,"['btc', 'bnb']",[],https://twitter.com/cz_binance/status/1363054262184382464,False,,1,https://pbs.twimg.com/media/EuqKlIXVoAIBAlh.jpg,,,,,,,[],,,,
1362945778126180352,1362945776033300481,2021-02-19 20:02:50 Hora est√°ndar central (M√©xico),2021-02-19,20:02:50,-0500,902926941413453824,cz_binance,CZ üî∂ Binance,,"""Surprised"" doesn't mean negative. It just mean surprised.  Not against #DOGE either. #Binance listed it, even added futures. I don't hold it, but I don't hold many other crypto. I hold just #BNB and #BTC.  2/3",en,[],[],[],62,92,897,"['doge', 'binance', 'bnb', 'btc']",[],https://twitter.com/cz_binance/status/1362945778126180352,False,,0,,,,,,,,[],,,,
1362637013778718723,1362637009559293959,2021-02-18 23:35:55 Hora est√°ndar central (M√©xico),2021-02-18,23:35:55,-0500,902926941413453824,cz_binance,CZ üî∂ Binance,,"I explained this in my Bloomberg live snippet. #BNB is a small market cap coin, should allow for higher growth potential, and carries higher risks than #BTC.",en,[],[],[],8,81,1017,"['bnb', 'btc']",[],https://twitter.com/cz_binance/status/1362637013778718723,False,,0,,,,,,,,[],,,,
1362637011958472705,1362637009559293959,2021-02-18 23:35:54 Hora est√°ndar central (M√©xico),2021-02-18,23:35:54,-0500,902926941413453824,cz_binance,CZ üî∂ Binance,,"This has always been our goal, to grow a bit faster than BTC. Not over taking it, but with so much effort we put in, we want to see it grow a bit faster. Otherwise, we should just buy BTC and not work.",en,[],[],[],2,119,1254,[],[],https://twitter.com/cz_binance/status/1362637011958472705,False,,0,,,,,,,,[],,,,
1362637009559293959,1362637009559293959,2021-02-18 23:35:54 Hora est√°ndar central (M√©xico),2021-02-18,23:35:54,-0500,902926941413453824,cz_binance,CZ üî∂ Binance,,"#BNB not only made ATHs in fiat terms, it just reached ATH again #BTC. From a humble 0.00001 BTC per BNB, we have grown 480x against BTC in the last 3 and half years. Many thanks to our community, team, and @BinanceAngels. üôèüôèüôè  https://t.co/P5oJrNus6J",en,"[{'screen_name': 'binanceangels', 'name': 'binance angels', 'id': '1051956316456067072'}]",[],['https://pbs.twimg.com/media/EukNvGtVcAQWL4I.jpg'],31,779,5099,"['bnb', 'btc']",[],https://twitter.com/cz_binance/status/1362637009559293959,False,,1,https://pbs.twimg.com/media/EukNvGtVcAQWL4I.jpg,,,,,,,[],,,,
1362611592785920005,1362582677199622145,2021-02-18 21:54:54 Hora est√°ndar central (M√©xico),2021-02-18,21:54:54,-0500,902926941413453824,cz_binance,CZ üî∂ Binance,,"@elonmusk @business Yup, that's what I thought/said. You clearly like $DOGE a lot personally, which is awesome. Really appreciate you pushing awareness of $DOGE, #BTC and crypto in generally. Big fan! Hope to get a drink or maybe Clubhouse session one day. Will be so psyched. üôèüôèüôè",en,[],[],[],118,204,2565,['btc'],"['doge', 'doge']",https://twitter.com/cz_binance/status/1362611592785920005,False,,0,,,,,,,,"[{'screen_name': 'elonmusk', 'name': 'Elon Musk', 'id': '44196397'}, {'screen_name': 'business', 'name': 'Bloomberg', 'id': '34713362'}]",,,,
1362450451900207105,1362450451900207105,2021-02-18 11:14:35 Hora est√°ndar central (M√©xico),2021-02-18,11:14:35,-0500,902926941413453824,cz_binance,CZ üî∂ Binance,,"Looks like I have a live interview with Bloomberg in 7 hours or so. They seem to want to talk about $52,000 BTC. Last time, I sneaked in ""funds are SAFU"" on live tv, based on a suggestion from @rallyqt. üòÇ What should I say this time?",en,"[{'screen_name': 'rallyqt', 'name': 'rallyqt', 'id': '1483781365'}]",[],[],69,277,3421,[],[],https://twitter.com/cz_binance/status/1362450451900207105,False,,0,,,,,,,,[],,,,
1361999938754764808,1361999938754764808,2021-02-17 05:24:24 Hora est√°ndar central (M√©xico),2021-02-17,05:24:24,-0500,902926941413453824,cz_binance,CZ üî∂ Binance,,#btc #bnb  https://t.co/3WHxEL1AN9,und,[],[],['https://pbs.twimg.com/media/EubLuCDUYAAaJ9Y.jpg'],34,453,3390,"['btc', 'bnb']",[],https://twitter.com/cz_binance/status/1361999938754764808,False,,1,https://pbs.twimg.com/media/EubLuCDUYAAaJ9Y.jpg,,,,,,,[],,,,
1361683462793519109,1361683462793519109,2021-02-16 08:26:51 Hora est√°ndar central (M√©xico),2021-02-16,08:26:51,-0500,902926941413453824,cz_binance,CZ üî∂ Binance,,"I'm discussing ‚Äú$50k btc and bnb‚Äù. Today, 16 Feb at 23:05 SGT on @joinclubhouse. Join us!  https://t.co/Rl30CWACSC",en,"[{'screen_name': 'joinclubhouse', 'name': 'follow @clubhouse', 'id': '1380579951028617220'}]",['https://www.joinclubhouse.com/event/PDYWaz4x'],[],133,133,860,[],[],https://twitter.com/cz_binance/status/1361683462793519109,False,,0,,,,,,,,[],,,,
1361529135995097088,1361529135995097088,2021-02-15 22:13:36 Hora est√°ndar central (M√©xico),2021-02-15,22:13:36,-0500,902926941413453824,cz_binance,CZ üî∂ Binance,,"Off Twitter for a while, til #BTC hits $50,000.",en,[],[],[],42,449,6389,['btc'],[],https://twitter.com/cz_binance/status/1361529135995097088,False,,0,,,,,,,,[],,,,
1359699052447735810,1359697923139801092,2021-02-10 21:01:30 Hora est√°ndar central (M√©xico),2021-02-10,21:01:30,-0500,902926941413453824,cz_binance,CZ üî∂ Binance,,@CryptoPotatoo @decentraltrader Only a little bit of #BTC and rest is all #BNB.,en,[],[],[],5,1,32,"['btc', 'bnb']",[],https://twitter.com/cz_binance/status/1359699052447735810,False,,0,,,,,,,,"[{'screen_name': 'CryptoPotatoo', 'name': 'CryptoPotato', 'id': '1296439179463688192'}, {'screen_name': 'decentraltrader', 'name': 'decentraltrader', 'id': '1146948992632315904'}]",,,,
1359337221233385485,1359333966612844544,2021-02-09 21:03:43 Hora est√°ndar central (M√©xico),2021-02-09,21:03:43,-0500,902926941413453824,cz_binance,CZ üî∂ Binance,,"@julianhosp Most companies should just hold #BTC. It is incredibly hard to out perform BTC, but that is indeed our goal. Otherwise, it is much easier to just buy #BTC.",en,[],[],[],8,15,207,"['btc', 'btc']",[],https://twitter.com/cz_binance/status/1359337221233385485,False,,0,,,,,,,,"[{'screen_name': 'julianhosp', 'name': 'Dr. Julian Hosp', 'id': '25803102'}]",,,,
1358789639826337796,1340709126813302785,2021-02-08 08:47:49 Hora est√°ndar central (M√©xico),2021-02-08,08:47:49,-0500,902926941413453824,cz_binance,CZ üî∂ Binance,,"@PeterSchiff @elonmusk I think I really will be too dumb to realize that quickly. I only bought #btc in 2014, after selling a house. And to this day, I can‚Äôt seem to figure out what i did wrong. Especially not after today. üòÇ",en,[],[],[],81,105,1794,['btc'],[],https://twitter.com/cz_binance/status/1358789639826337796,False,,0,,,,,,,,"[{'screen_name': 'PeterSchiff', 'name': 'Peter Schiff', 'id': '56562803'}, {'screen_name': 'elonmusk', 'name': 'Elon Musk', 'id': '44196397'}]",,,,
1358472016232214531,1358341172196950019,2021-02-07 11:45:42 Hora est√°ndar central (M√©xico),2021-02-07,11:45:42,-0500,902926941413453824,cz_binance,CZ üî∂ Binance,,@RD_btc @thefetztizzle @SnoopDogg @genesimmons @elonmusk üòÇ,und,[],[],[],8,6,126,[],[],https://twitter.com/cz_binance/status/1358472016232214531,False,,0,,,,,,,,"[{'screen_name': 'RD_btc', 'name': 'RD ‚ÇøTC üíéüôåüèªüíé', 'id': '20507570'}, {'screen_name': 'thefetztizzle', 'name': 'TheFetztizzle $link $klv $grt $bnt $primo', 'id': '3085513318'}, {'screen_name': 'SnoopDogg', 'name': 'Snoop Dogg', 'id': '3004231'}, {'screen_name': 'genesimmons', 'name': 'Gene Simmons', 'id': '14401698'}, {'screen_name': 'elonmusk', 'name': 'Elon Musk', 'id': '44196397'}]",,,,
1358137787715784704,1358137787715784704,2021-02-06 13:37:36 Hora est√°ndar central (M√©xico),2021-02-06,13:37:36,-0500,902926941413453824,cz_binance,CZ üî∂ Binance,,"What‚Äôs good for #btc is good for #eth, and that‚Äôs good for #bnb, and that‚Äôs good for $cake. Long chain, but it works. üëç",en,[],[],[],165,290,1528,"['btc', 'eth', 'bnb']",['cake'],https://twitter.com/cz_binance/status/1358137787715784704,False,https://twitter.com/PancakeSwap/status/1357987978514100225,0,,,,,,,,[],,,,
1355902000936800256,1355892061447196675,2021-01-31 09:33:23 Hora est√°ndar central (M√©xico),2021-01-31,09:33:23,-0500,902926941413453824,cz_binance,CZ üî∂ Binance,,@Chairman_BTC @VitalikButerin tell me something I didn't know...,en,[],[],[],0,0,6,[],[],https://twitter.com/cz_binance/status/1355902000936800256,False,,0,,,,,,,,"[{'screen_name': 'chairman_btc', 'name': 'BTC Chairman', 'id': '1382357091055206400'}, {'screen_name': 'VitalikButerin', 'name': 'vitalik.eth', 'id': '295218901'}]",,,,
1355694527520985093,1355575676678508545,2021-01-30 19:48:57 Hora est√°ndar central (M√©xico),2021-01-30,19:48:57,-0500,902926941413453824,cz_binance,CZ üî∂ Binance,,"@OREL_BTC @jack @Twitter Saw the DM, not a secret one could bridge CEX and DEX liquidity. Plenty of Market Makers do it for a living already. üôè",en,[],[],[],0,0,4,[],[],https://twitter.com/cz_binance/status/1355694527520985093,False,,0,,,,,,,,"[{'screen_name': 'OREL_BTC', 'name': 'OREL', 'id': '951559697089351681'}, {'screen_name': 'jack', 'name': 'jack', 'id': '12'}, {'screen_name': 'Twitter', 'name': 'Twitter', 'id': '783214'}]",,,,
1354660584466210823,1354660584466210823,2021-01-27 23:20:26 Hora est√°ndar central (M√©xico),2021-01-27,23:20:26,-0500,902926941413453824,cz_binance,CZ üî∂ Binance,,"Had to turn on comment restrictions due to too many scammers.  If I send you 1 btc for no reason. Will you send 10 btc back? Thought so, no.  So, don't send scammers (or random people you don't know) coins. That's not how the world works.",en,[],[],[],17,133,1051,[],[],https://twitter.com/cz_binance/status/1354660584466210823,False,,0,,,,,,,,[],,,,
1353701086645735424,1353701086645735424,2021-01-25 07:47:44 Hora est√°ndar central (M√©xico),2021-01-25,07:47:44,-0500,902926941413453824,cz_binance,CZ üî∂ Binance,,"Another 4,812 #BTC gone into long term corporate treasury reserves.   ¬ª Marathon Buys $150 Million Bitcoin with Treasury Reserves ‚Äì Trustnodes  https://t.co/T34w8BwlgA",en,[],['https://www.trustnodes.com/2021/01/25/marathon-buys-150-million-bitcoin-with-treasury-reserves'],[],93,397,2074,['btc'],[],https://twitter.com/cz_binance/status/1353701086645735424,False,,0,,,,,,,,[],,,,
1352440196273369096,1352440196273369096,2021-01-21 20:17:24 Hora est√°ndar central (M√©xico),2021-01-21,20:17:24,-0500,902926941413453824,cz_binance,CZ üî∂ Binance,,"A month ago, we were giddy with btc at 21,000 ATH. Today we are upset with btc at $30,000.  https://t.co/ktAMms5FMF",en,[],[],['https://pbs.twimg.com/media/EsTVLy3VkAU0nvi.jpg'],264,344,3352,[],[],https://twitter.com/cz_binance/status/1352440196273369096,False,,1,https://pbs.twimg.com/media/EsTVLy3VkAU0nvi.jpg,,,,,,,[],,,,
1352288416570871809,1352287889414119425,2021-01-21 10:14:17 Hora est√°ndar central (M√©xico),2021-01-21,10:14:17,-0500,902926941413453824,cz_binance,CZ üî∂ Binance,,@BTC_Archive @Nouriel üòÇ,und,[],[],[],1,1,20,[],[],https://twitter.com/cz_binance/status/1352288416570871809,False,,0,,,,,,,,"[{'screen_name': 'BTC_Archive', 'name': 'Bitcoin Archive üóÑüöÄüåî', 'id': '970994516357472257'}, {'screen_name': 'Nouriel', 'name': 'Nouriel Roubini', 'id': '19224439'}]",,,,
1351532605544361988,1351528944961425409,2021-01-19 08:10:58 Hora est√°ndar central (M√©xico),2021-01-19,08:10:58,-0500,902926941413453824,cz_binance,CZ üî∂ Binance,,"@KkBA399YGDZzHaR Not sure of the exact answer. A few possibilities. 1 Some people priced it in. 2 Most people don't even understand it. 3 It's not one large market buy order (that would be crazy).  Also, people asked why #bitcoin halving ""didn't"" increase #btc price immediately last year in May.",en,[],[],[],24,15,194,"['bitcoin', 'btc']",[],https://twitter.com/cz_binance/status/1351532605544361988,False,,0,,,,,,,,"[{'screen_name': 'KkBA399YGDZzHaR', 'name': '–ê–Ω–¥—Ä—ñ–π', 'id': '1348254100337684480'}]",,,,
1350354171996737543,1350353181197312000,2021-01-16 02:08:17 Hora est√°ndar central (M√©xico),2021-01-16,02:08:17,-0500,902926941413453824,cz_binance,CZ üî∂ Binance,,"@frxresearch #bitcoin is the entry coin into crypto, and the most decentralized. #btc will act as the reserve currency for a very long time to come.   #bnb aims to be an application level coin, faster, higher capacity, billions of tx per day, multiple native blockchains if needed.",en,[],[],[],6,70,516,"['bitcoin', 'btc', 'bnb']",[],https://twitter.com/cz_binance/status/1350354171996737543,False,,0,,,,,,,,"[{'screen_name': 'frxresearch', 'name': 'frxresearch', 'id': '2775368911'}]",,,,
1350254831898750976,1350254831898750976,2021-01-15 19:33:33 Hora est√°ndar central (M√©xico),2021-01-15,19:33:33,-0500,902926941413453824,cz_binance,CZ üî∂ Binance,,"#Bitcoin is hoarded by many company treasuries now, mostly to protect against inflation.  They will soon find out #btc is also ideal for corporate transactions. Large, not super time sensitive tx that are easy to do and super secure. And they already both hold #btc.",en,[],[],[],70,165,1284,"['bitcoin', 'btc', 'btc']",[],https://twitter.com/cz_binance/status/1350254831898750976,False,,0,,,,,,,,[],,,,
1350062550323396609,1350062550323396609,2021-01-15 06:49:29 Hora est√°ndar central (M√©xico),2021-01-15,06:49:29,-0500,902926941413453824,cz_binance,CZ üî∂ Binance,,Funds are starting to gobble #bitcoin $1 billion at a time.   It will become increasingly harder (more expensive) for average people to own (buy) 1 #btc.  Don't be last!,en,[],[],[],79,67,512,"['bitcoin', 'btc']",[],https://twitter.com/cz_binance/status/1350062550323396609,False,https://twitter.com/Cointelegraph/status/1350061051484672003,0,,,,,,,,[],,,,
1349905028979462145,1349905028979462145,2021-01-14 20:23:33 Hora est√°ndar central (M√©xico),2021-01-14,20:23:33,-0500,902926941413453824,cz_binance,CZ üî∂ Binance,,1 btc = 1 #btc 1 bnb = 1 #bnb  https://t.co/Xs1zRY7A8C,en,[],[],['https://pbs.twimg.com/media/ErvTdv8UwAI8Ee-.jpg'],215,97,1063,"['btc', 'bnb']",[],https://twitter.com/cz_binance/status/1349905028979462145,False,,1,https://pbs.twimg.com/media/ErvTdv8UwAI8Ee-.jpg,,,,,,,[],,,,
1349781441794633730,1349781030316621830,2021-01-14 12:12:28 Hora est√°ndar central (M√©xico),2021-01-14,12:12:28,-0500,902926941413453824,cz_binance,CZ üî∂ Binance,,"@OREL_BTC any number will do, actually. Just a matter of time for the numbers to go up.",en,[],[],[],12,4,51,[],[],https://twitter.com/cz_binance/status/1349781441794633730,False,,0,,,,,,,,"[{'screen_name': 'OREL_BTC', 'name': 'OREL', 'id': '951559697089351681'}]",,,,
1349215711453880321,1349215711453880321,2021-01-12 22:44:27 Hora est√°ndar central (M√©xico),2021-01-12,22:44:27,-0500,902926941413453824,cz_binance,CZ üî∂ Binance,,"When your world view is based in crypto:   1 BTC = 1 #BTC  When ""normal"" people ask you, did you buy? You go, what do you mean? I only have crypto.  When people ask you, will you sell? You go, why would I want to buy a depreciating asset?",en,[],[],[],171,293,1774,['btc'],[],https://twitter.com/cz_binance/status/1349215711453880321,False,,0,,,,,,,,[],,,,
1347243593648332800,1347243567429767168,2021-01-07 12:07:57 Hora est√°ndar central (M√©xico),2021-01-07,12:07:57,-0500,902926941413453824,cz_binance,CZ üî∂ Binance,,"7) Most of us know that #bitcoin died many times in the last 3 years. ""Crashed"" to $3000.  But 3 years later, almost to the day, #btc recovered to $19700.  And we emerged from winter finally.  https://t.co/E9K6tNWJFm",en,[],[],['https://pbs.twimg.com/media/ErJcNWIVcAAfWvt.jpg'],13,17,175,"['bitcoin', 'btc']",[],https://twitter.com/cz_binance/status/1347243593648332800,False,,1,https://pbs.twimg.com/media/ErJcNWIVcAAfWvt.jpg,,,,,,,[],,,,
1347243589382782976,1347243567429767168,2021-01-07 12:07:56 Hora est√°ndar central (M√©xico),2021-01-07,12:07:56,-0500,902926941413453824,cz_binance,CZ üî∂ Binance,,"6) Of course, many of you know what happens next.   10 months later, in Dec 2017, $BTC hit the ""famous"" ATH of $20,000. (20x in 10 months)  https://t.co/Aae6phfvtR",en,[],[],['https://pbs.twimg.com/media/ErJZqdRUUAAk9bk.jpg'],7,10,103,[],['btc'],https://twitter.com/cz_binance/status/1347243589382782976,False,,1,https://pbs.twimg.com/media/ErJZqdRUUAAk9bk.jpg,,,,,,,[],,,,
1347243585104617473,1347243567429767168,2021-01-07 12:07:55 Hora est√°ndar central (M√©xico),2021-01-07,12:07:55,-0500,902926941413453824,cz_binance,CZ üî∂ Binance,,"5) There was another ""crash"" from $1000 to $200, and took about 3 years to recover back to $1000 in Feb 2017.  This is the cycle when I entered. Sold my house to buy $BTC at $600 in early 2014. Felt I was way late. It dropped to $200. Had to endure 2 years for it to recover.  https://t.co/TSIbPYlPXf",en,[],[],['https://pbs.twimg.com/media/ErJWXOrVgAIAzM0.jpg'],5,11,137,[],['btc'],https://twitter.com/cz_binance/status/1347243585104617473,False,,1,https://pbs.twimg.com/media/ErJWXOrVgAIAzM0.jpg,,,,,,,[],,,,
1347243580482613248,1347243567429767168,2021-01-07 12:07:54 Hora est√°ndar central (M√©xico),2021-01-07,12:07:54,-0500,902926941413453824,cz_binance,CZ üî∂ Binance,,"4) There was also a ""crash"" to $70 from $213 during 2013.   Then recovered to back to $200+ in Oct 2013. (small 1 year cycle)  Then 2 months later, by Dec 2013, #btc hit another ATH at $1000+. 5x in 2 months.  https://t.co/iAPNbWQvB6",en,[],[],['https://pbs.twimg.com/media/ErJVM1hU0AEUD0B.jpg'],2,8,94,['btc'],[],https://twitter.com/cz_binance/status/1347243580482613248,False,,1,https://pbs.twimg.com/media/ErJVM1hU0AEUD0B.jpg,,,,,,,[],,,,
1347243576086827009,1347243567429767168,2021-01-07 12:07:53 Hora est√°ndar central (M√©xico),2021-01-07,12:07:53,-0500,902926941413453824,cz_binance,CZ üî∂ Binance,,"3) 2 months later, in Apr 2013, $BTC hit a new ATH $213 (7x).  Check how big the previous $30 ATH looks.  https://t.co/7JQmZ8TixR",en,[],[],['https://pbs.twimg.com/media/ErJVlXsUUAAPcqV.jpg'],6,9,92,[],['btc'],https://twitter.com/cz_binance/status/1347243576086827009,False,,1,https://pbs.twimg.com/media/ErJVlXsUUAAPcqV.jpg,,,,,,,[],,,,
1347243571556978689,1347243567429767168,2021-01-07 12:07:52 Hora est√°ndar central (M√©xico),2021-01-07,12:07:52,-0500,902926941413453824,cz_binance,CZ üî∂ Binance,,"2) #BTC hit $30 ATH in June 2011, from $0.30 in Jan 2011 (100x in 6 months ish).   Then ""crashed"" 90% to $3 (still 10x of before).  Then took just about 2 years to recover back to $30 in Feb 2013.  Looks familiar? Then...  https://t.co/2EvB3QD82u",en,[],[],['https://pbs.twimg.com/media/ErJO6yQVkAAK-r1.jpg'],5,14,116,['btc'],[],https://twitter.com/cz_binance/status/1347243571556978689,False,,1,https://pbs.twimg.com/media/ErJO6yQVkAAK-r1.jpg,,,,,,,[],,,,
1347219290097737736,1347219290097737736,2021-01-07 10:31:23 Hora est√°ndar central (M√©xico),2021-01-07,10:31:23,-0500,902926941413453824,cz_binance,CZ üî∂ Binance,,#BTC ATH ATH ATH ATH ATH ATH ATH ATH ATH ATH ATH ATH ATH ATH ATH ATH ATH ATH ATH ATH ATH ATH ATH ATH ATH ATH ATH ATH ATH #BNB ATH ATH ATH ATH ATH ATH ATH ATH ATH ATH ATH ATH ATH ATH ATH ATH ATH ATH ATH ATH ATH ATH ATH ATH ATH ATH ATH ATH ATH  https://t.co/iQ0hKrZktr  https://t.co/o9VKoPxJRS,cy,[],['https://www.binance.com/en/trade/BNB_BUSD'],['https://pbs.twimg.com/media/ErJIdWtVgAAH5i5.jpg'],141,126,1445,"['btc', 'bnb']",[],https://twitter.com/cz_binance/status/1347219290097737736,False,,1,https://pbs.twimg.com/media/ErJIdWtVgAAH5i5.jpg,,,,,,,[],,,,
1347128144562569219,1347115242396946433,2021-01-07 04:29:12 Hora est√°ndar central (M√©xico),2021-01-07,04:29:12,-0500,902926941413453824,cz_binance,CZ üî∂ Binance,,"@KhunSanchez I had my way to manage risk. Worst case, I get a job in a traditional financial institution. #btc did drop by 2/3 for 2 years from where I got in, my lifestyle wasn‚Äôt that affected. Was a bit tight, lol...",en,[],[],[],11,3,131,['btc'],[],https://twitter.com/cz_binance/status/1347128144562569219,False,,0,,,,,,,,"[{'screen_name': 'KhunSanchez', 'name': '‚ö°Ô∏èDaddy Crypto‚ö°Ô∏è üáπüá≠ üá´üá∑', 'id': '3024152562'}]",,,,
1347058573474336769,1347058573474336769,2021-01-06 23:52:45 Hora est√°ndar central (M√©xico),2021-01-06,23:52:45,-0500,902926941413453824,cz_binance,CZ üî∂ Binance,,What's good for #BTC is good for #BNB. ATH  https://t.co/th8eZRkWFA,en,[],[],['https://pbs.twimg.com/media/ErG2ldaVoAAMg3W.jpg'],179,120,1285,"['btc', 'bnb']",[],https://twitter.com/cz_binance/status/1347058573474336769,False,,1,https://pbs.twimg.com/media/ErG2ldaVoAAMg3W.jpg,,,,,,,[],,,,
1346674468333125632,1346674468333125632,2021-01-05 22:26:27 Hora est√°ndar central (M√©xico),2021-01-05,22:26:27,-0500,902926941413453824,cz_binance,CZ üî∂ Binance,,#BTC #BNB  https://t.co/ZWMVGNK0hQ,und,[],[],['https://pbs.twimg.com/media/ErBZOsnUYAIsfHr.png'],179,203,2017,"['btc', 'bnb']",[],https://twitter.com/cz_binance/status/1346674468333125632,False,,1,https://pbs.twimg.com/media/ErBZOsnUYAIsfHr.png,,,,,,,[],,,,
1344274116405170176,1344274116405170176,2020-12-30 07:28:19 Hora est√°ndar central (M√©xico),2020-12-30,07:28:19,-0500,902926941413453824,cz_binance,CZ üî∂ Binance,,üëÄ #Binance Mining Pool at No. 2 now.  This is probably a good spot. We don't want to be No. 1 or make mining overly concentrated. We want to help decentralize.   #BNB ‚ù§Ô∏è #BTC  https://t.co/WCRjEgEzUs,en,[],[],['https://pbs.twimg.com/media/EqfRTkvVkAYO2Nv.png'],175,97,920,"['binance', 'bnb', 'btc']",[],https://twitter.com/cz_binance/status/1344274116405170176,False,,1,https://pbs.twimg.com/media/EqfRTkvVkAYO2Nv.png,,,,,,,[],,,,
1343776008709652481,1343776008709652481,2020-12-28 22:29:01 Hora est√°ndar central (M√©xico),2020-12-28,22:29:01,-0500,902926941413453824,cz_binance,CZ üî∂ Binance,,#BTC for Christmas; #BNB for New Year!,en,[],[],[],261,161,1734,"['btc', 'bnb']",[],https://twitter.com/cz_binance/status/1343776008709652481,False,,0,,,,,,,,[],,,,
1343218553407696897,1343218553407696897,2020-12-27 09:33:53 Hora est√°ndar central (M√©xico),2020-12-27,09:33:53,-0500,902926941413453824,cz_binance,CZ üî∂ Binance,,"Often, the first time people buy #bitcoin, they pay fees in fiat or #btc.  The 2nd time around, they learn about the discounts and pay fees in #BNB.",en,[],[],[],168,100,1187,"['bitcoin', 'btc', 'bnb']",[],https://twitter.com/cz_binance/status/1343218553407696897,False,,0,,,,,,,,[],,,,
1343180528107675648,1343180528107675648,2020-12-27 07:02:47 Hora est√°ndar central (M√©xico),2020-12-27,07:02:47,-0500,902926941413453824,cz_binance,CZ üî∂ Binance,,"#btc quarterly futures already over $30,000  https://t.co/SEGxAyfknN",en,[],[],['https://pbs.twimg.com/media/EqPvkQaUwAAySo0.jpg'],106,253,1958,['btc'],[],https://twitter.com/cz_binance/status/1343180528107675648,False,,1,https://pbs.twimg.com/media/EqPvkQaUwAAySo0.jpg,,,,,,,[],,,,
1343164192614805506,1343164192614805506,2020-12-27 05:57:52 Hora est√°ndar central (M√©xico),2020-12-27,05:57:52,-0500,902926941413453824,cz_binance,CZ üî∂ Binance,,"I have a meeting, #BTC breaks ATH I eat dinner, #BTC breaks ATH I swim, #BTC breaks ATH I sleep, #BTC breaks ATH I do nothing, #BTC breaks ATH",en,[],[],[],431,740,5864,"['btc', 'btc', 'btc', 'btc', 'btc']",[],https://twitter.com/cz_binance/status/1343164192614805506,False,,0,,,,,,,,[],,,,
1343153036374339585,1343153036374339585,2020-12-27 05:13:33 Hora est√°ndar central (M√©xico),2020-12-27,05:13:33,-0500,902926941413453824,cz_binance,CZ üî∂ Binance,,#btc on #binance  https://t.co/f81K9hY9Vu,und,[],[],['https://pbs.twimg.com/media/EqPWkH_UUAENQdp.jpg'],123,155,1373,"['btc', 'binance']",[],https://twitter.com/cz_binance/status/1343153036374339585,False,,1,https://pbs.twimg.com/media/EqPWkH_UUAENQdp.jpg,,,,,,,[],,,,
1341977117412577280,1341977117412577280,2020-12-23 23:20:52 Hora est√°ndar central (M√©xico),2020-12-23,23:20:52,-0500,902926941413453824,cz_binance,CZ üî∂ Binance,,"Took a while, but did it. #SegWit #BTC",en,[],[],[],101,92,828,"['segwit', 'btc']",[],https://twitter.com/cz_binance/status/1341977117412577280,False,https://twitter.com/binance/status/1341974374723715072,0,,,,,,,,[],,,,
1339598297627938822,1339598297627938822,2020-12-17 09:48:17 Hora est√°ndar central (M√©xico),2020-12-17,09:48:17,-0500,902926941413453824,cz_binance,CZ üî∂ Binance,,"MicroStrategy is up 120% since announcing their investment in #bitcoin. Acquired 38,250 BTC, about $740mm in value, but their market cap increased by $1.6 billion!  Buy #B...",en,[],[],[],150,249,2479,"['bitcoin', 'b']",[],https://twitter.com/cz_binance/status/1339598297627938822,False,,0,,,,,,,,[],,,,
1338690068974727169,1338690068974727169,2020-12-14 21:39:18 Hora est√°ndar central (M√©xico),2020-12-14,21:39:18,-0500,902926941413453824,cz_binance,CZ üî∂ Binance,,"This is a #bitcoin price chart. Yes, #btc, not #bnb. üòÜ  https://t.co/VmeEHsYb7o",en,[],[],['https://pbs.twimg.com/media/EpP495hUwAANNf_.jpg'],153,146,1627,"['bitcoin', 'btc', 'bnb']",[],https://twitter.com/cz_binance/status/1338690068974727169,False,,1,https://pbs.twimg.com/media/EpP495hUwAANNf_.jpg,,,,,,,[],,,,
1338416744013070336,1338416744013070336,2020-12-14 03:33:13 Hora est√°ndar central (M√©xico),2020-12-14,03:33:13,-0500,902926941413453824,cz_binance,CZ üî∂ Binance,,"The stronger the resistance is today, the strong the support becomes after we break it.  #BTC #BNB",en,[],[],[],161,168,2307,"['btc', 'bnb']",[],https://twitter.com/cz_binance/status/1338416744013070336,False,,0,,,,,,,,[],,,,
1337210960092676096,1337210960092676096,2020-12-10 19:41:51 Hora est√°ndar central (M√©xico),2020-12-10,19:41:51,-0500,902926941413453824,cz_binance,CZ üî∂ Binance,,"Soon, companies buying $100M of #BTC won't be ""news"". Rather, companies that don't buy BTC will become news, bad news for them.",en,[],[],[],169,293,2860,['btc'],[],https://twitter.com/cz_binance/status/1337210960092676096,False,,0,,,,,,,,[],,,,
1329950029902094336,1329950029902094336,2020-11-20 18:49:31 Hora est√°ndar central (M√©xico),2020-11-20,18:49:31,-0500,902926941413453824,cz_binance,CZ üî∂ Binance,,Just the beginning   ¬ª Corporate Bitcoin frenzy: Companies now hold $15.3 billion in BTC  https://t.co/DfvaxwlNQu,en,[],['https://cointelegraph.com/news/corporate-bitcoin-frenzy-companies-now-hold-15-3-billion-in-btc'],[],79,144,807,[],[],https://twitter.com/cz_binance/status/1329950029902094336,False,,0,,,,,,,,[],,,,
1326357146871631873,1326357146871631873,2020-11-10 20:52:40 Hora est√°ndar central (M√©xico),2020-11-10,20:52:40,-0500,902926941413453824,cz_binance,CZ üî∂ Binance,,"Don‚Äôt try to fight the future, just go along with it.  #btc #bnb",en,[],[],[],205,207,1825,"['btc', 'bnb']",[],https://twitter.com/cz_binance/status/1326357146871631873,False,,0,,,,,,,,[],,,,
1321021562842009600,1321021562842009600,2020-10-27 03:30:58 Hora est√°ndar central (M√©xico),2020-10-27,03:30:58,-0500,902926941413453824,cz_binance,CZ üî∂ Binance,,"DBS, the largest retail and commercial bank in Singapore, has soft launched their crypto/fiat trading exchange.  Not sure if the #BTC is transferrable yet, but regardless a step in the right direction.  https://t.co/e9Sommp5iS",en,[],[],['https://pbs.twimg.com/media/ElU01oOVcAAUs9j.jpg'],71,196,989,['btc'],[],https://twitter.com/cz_binance/status/1321021562842009600,False,,1,https://pbs.twimg.com/media/ElU01oOVcAAUs9j.jpg,,,,,,,[],,,,
1319658594443300866,1319658594443300866,2020-10-23 10:15:01 Hora de verano central (M√©xico),2020-10-23,10:15:01,-0500,902926941413453824,cz_binance,CZ üî∂ Binance,,1 BTC = 1 BTC. It's just fiat dropping.,en,[],[],[],102,188,1611,[],[],https://twitter.com/cz_binance/status/1319658594443300866,False,,0,,,,,,,,[],,,,
1291033456332247041,1291033456332247041,2020-08-05 10:28:56 Hora de verano central (M√©xico),2020-08-05,10:28:56,-0500,902926941413453824,cz_binance,CZ üî∂ Binance,,"Remember, no one is forcing you (or others) to buy #crypto.  #btc #bnb",en,[],[],[],175,152,1368,"['crypto', 'btc', 'bnb']",[],https://twitter.com/cz_binance/status/1291033456332247041,False,,0,,,,,,,,[],,,,
1288894138675421185,1288894138675421185,2020-07-30 12:48:03 Hora de verano central (M√©xico),2020-07-30,12:48:03,-0500,902926941413453824,cz_binance,CZ üî∂ Binance,,"If we look back at 5 years ago, #BTC price was $220. There were ups and downs then, but we can't see them on the chart now, given the 50x increase.  When we look back at today 5 years later, what would we see?  #btc, #bnb  https://t.co/ozRbFRZX7C",en,[],[],['https://pbs.twimg.com/media/EeMQvFbUwAAOucq.png'],184,215,1242,"['btc', 'btc', 'bnb']",[],https://twitter.com/cz_binance/status/1288894138675421185,False,,1,https://pbs.twimg.com/media/EeMQvFbUwAAOucq.png,,,,,,,[],,,,
1285499303939604480,1285499303939604480,2020-07-21 03:58:12 Hora de verano central (M√©xico),2020-07-21,03:58:12,-0500,902926941413453824,cz_binance,CZ üî∂ Binance,,I have never seen this much excitement for such a little move by #BTC? üòÜ In the good old days...,en,[],[],[],100,99,1173,['btc'],[],https://twitter.com/cz_binance/status/1285499303939604480,False,,0,,,,,,,,[],,,,
1267798859490586625,1267798859490586625,2020-06-02 07:42:57 Hora de verano central (M√©xico),2020-06-02,07:42:57,-0500,902926941413453824,cz_binance,CZ üî∂ Binance,,Reply if you hate #BTC or #BNBüî∂,en,[],[],[],0,115,884,"['btc', 'bnb']",[],https://twitter.com/cz_binance/status/1267798859490586625,False,,0,,,,,,,,[],,,,
1263788188465655809,1263788188465655809,2020-05-22 06:05:58 Hora de verano central (M√©xico),2020-05-22,06:05:58,-0500,902926941413453824,cz_binance,CZ üî∂ Binance,,"10 years ago, 2 pizzaüçïwas worth 10,000 #BTC,  Today, 2 pizza üçïis worth 0.005 #BTC.  That's 200,000,000% increase over 10 years. Let that sink in.  Happy #BitcoinPizzaDay!  https://t.co/xz9UT0hQFt",en,[],[],[],128,519,1651,"['btc', 'btc', 'bitcoinpizzaday']",[],https://twitter.com/cz_binance/status/1263788188465655809,False,,1,https://pbs.twimg.com/ext_tw_video_thumb/1263786823618199552/pu/img/AFKaFRBT5bUa7vjS.jpg,,,,,,,[],,,,
1263361198411575296,1263361198411575296,2020-05-21 01:49:16 Hora de verano central (M√©xico),2020-05-21,01:49:16,-0500,902926941413453824,cz_binance,CZ üî∂ Binance,,"Imagine casually running a bitcoin (not even a word) wallet in 2009. It takes no more electricity than your browser, and mines 50 BTC. Worth 0 at the time. You don't even think about it.  11 years later, it's worth $500,000. You move it, and shakes the market. üòÄ",en,[],[],[],209,369,2902,[],[],https://twitter.com/cz_binance/status/1263361198411575296,False,,0,,,,,,,,[],,,,
1263138191021752320,1263138191021752320,2020-05-20 11:03:07 Hora de verano central (M√©xico),2020-05-20,11:03:07,-0500,902926941413453824,cz_binance,CZ üî∂ Binance,,"Feds print a few trillion, nothing happens.   Someone (most likely NOT Satoshi) moves 40 early BTC, market panics.  üòÇ",en,[],[],[],326,531,3673,[],[],https://twitter.com/cz_binance/status/1263138191021752320,False,,0,,,,,,,,[],,,,
1259866412899692544,1259866412899692544,2020-05-11 10:22:14 Hora de verano central (M√©xico),2020-05-11,10:22:14,-0500,902926941413453824,cz_binance,CZ üî∂ Binance,,"Innocent friend: CZ, what does halving mean?  Me: remember how I told you 1 BTC always = 1 BTC? well today:  0.5 BTC = 1 BTC  (I am the worst teacher in the world)",en,[],[],[],123,111,1083,[],[],https://twitter.com/cz_binance/status/1259866412899692544,False,,0,,,,,,,,[],,,,
1256596449242034179,1256577318778216448,2020-05-02 09:48:34 Hora de verano central (M√©xico),2020-05-02,09:48:34,-0500,902926941413453824,cz_binance,CZ üî∂ Binance,,"@APompliano This is where math is deceiving.  It's only true if EVERY hodler is willing to sell at the current price, which is obviously not true, as there is no 21m BTC sell wall.  Alas, Mr. Buffet will only be able to buy a small portion of bitcoins, and at very high prices at that. üòÄ",en,[],[],[],83,88,994,[],[],https://twitter.com/cz_binance/status/1256596449242034179,False,,0,,,,,,,,"[{'screen_name': 'APompliano', 'name': 'Pomp üå™', 'id': '339061487'}]",,,,
1254673189373767680,1254673189373767680,2020-04-27 02:26:13 Hora de verano central (M√©xico),2020-04-27,02:26:13,-0500,902926941413453824,cz_binance,CZ üî∂ Binance,,"Just interviewed someone who joined a Chinese exchange that views Binance as a competitor. He was put in a team whose only job is to spread the message ‚Äúwhen CZ is bullish, bitcoin will drop‚Äù. üòÇ He quit after a day.  And I am bullish all the time, never a bearish day. #BTC",en,[],[],[],143,118,1213,['btc'],[],https://twitter.com/cz_binance/status/1254673189373767680,False,,0,,,,,,,,[],,,,
1242952050364694529,1242952050364694529,2020-03-25 17:10:36 Hora est√°ndar central (M√©xico),2020-03-25,17:10:36,-0500,902926941413453824,cz_binance,CZ üî∂ Binance,,There is no inflation in #BTC. Just saying.,en,[],[],[],227,284,1964,['btc'],[],https://twitter.com/cz_binance/status/1242952050364694529,False,,0,,,,,,,,[],,,,
1242674194296344576,1242674194296344576,2020-03-24 22:46:30 Hora est√°ndar central (M√©xico),2020-03-24,22:46:30,-0500,902926941413453824,cz_binance,CZ üî∂ Binance,,"As we get used to talk about Trillions, a modest $2 trillion market cap of #bitcoin will put 1 BTC at $100,000. Not such a hard to imagine number now, right?  As most BTC are not for sell (HODLers), we only need a small portion of that $2t to buy to reach it.",en,[],[],[],210,443,1965,['bitcoin'],[],https://twitter.com/cz_binance/status/1242674194296344576,False,,0,,,,,,,,[],,,,
1239924693554978816,1239924693554978816,2020-03-17 08:40:58 Hora est√°ndar central (M√©xico),2020-03-17,08:40:58,-0500,902926941413453824,cz_binance,CZ üî∂ Binance,,"Impressive, please keep up the pace.  We are ready. #btc #bnbüî∂",en,[],[],[],97,158,895,"['btc', 'bnb']",[],https://twitter.com/cz_binance/status/1239924693554978816,False,https://twitter.com/CNBCnow/status/1239919418144174088,0,,,,,,,,[],,,,
1239772144055140352,1239772144055140352,2020-03-16 22:34:47 Hora est√°ndar central (M√©xico),2020-03-16,22:34:47,-0500,902926941413453824,cz_binance,CZ üî∂ Binance,,"Still worried about #btc going to 0?  Don't! So long as I have a penny left, it won't happen.",en,[],[],[],588,582,4197,['btc'],[],https://twitter.com/cz_binance/status/1239772144055140352,False,,0,,,,,,,,[],,,,
1239400904744300544,1239400904744300544,2020-03-15 21:59:37 Hora est√°ndar central (M√©xico),2020-03-15,21:59:37,-0500,902926941413453824,cz_binance,CZ üî∂ Binance,,Unlimited liquidity incoming (to fiat)...  #btc #bnbüî∂,en,[],[],[],163,197,1540,"['btc', 'bnb']",[],https://twitter.com/cz_binance/status/1239400904744300544,False,,0,,,,,,,,[],,,,
1227640400988471296,1227640400988471296,2020-02-12 11:07:34 Hora est√°ndar central (M√©xico),2020-02-12,11:07:34,-0500,902926941413453824,cz_binance,CZ üî∂ Binance,,"#Bitcoin doesn't exist anywhere, not in your wallet, not in your computer, not in a vault.  What exists is just a record of all transactions, from which you can calculate how many btc you have.  Very tricky to explain. And how do you ""ban"" something that don't exist?",en,[],[],[],123,308,1290,['bitcoin'],[],https://twitter.com/cz_binance/status/1227640400988471296,False,https://twitter.com/aantonop/status/1227638016379891712,0,,,,,,,,[],,,,
1226448297663041539,1226448297663041539,2020-02-09 04:10:35 Hora est√°ndar central (M√©xico),2020-02-09,04:10:35,-0500,902926941413453824,cz_binance,CZ üî∂ Binance,,"Any guesses what the next ATH for #BTC will be?  (Technically, it will be $20001, but not that. Meant the ATH before a reasonable retrace)  Will bookmark the tweet for later reference.",en,[],[],[],1024,336,2275,['btc'],[],https://twitter.com/cz_binance/status/1226448297663041539,False,,0,,,,,,,,[],,,,
1222029423039348736,1222029423039348736,2020-01-27 23:31:33 Hora est√°ndar central (M√©xico),2020-01-27,23:31:33,-0500,902926941413453824,cz_binance,CZ üî∂ Binance,,"Now is the time to unfollow people who predicted btc to 5000 in the last couple months, and btc to 1000 a year ago.   Removing bad influences in life is essential for success!",en,[],[],[],332,286,2100,[],[],https://twitter.com/cz_binance/status/1222029423039348736,False,https://twitter.com/APompliano/status/1221972971474104320,0,,,,,,,,[],,,,
1198092367103807493,1198092367103807493,2019-11-22 22:14:14 Hora est√°ndar central (M√©xico),2019-11-22,22:14:14,-0500,902926941413453824,cz_binance,CZ üî∂ Binance,,"Instead of apologizing to the community for the fake headline news of the non-existent ""police raid"", which damaged our reputation, and $btc price, theBlock now tries to argue if there was an office, if CZ had a meeting... who cares?  Own up &amp; apologize for your mistake.",en,[],[],[],270,426,2259,[],['btc'],https://twitter.com/cz_binance/status/1198092367103807493,False,https://twitter.com/mishalederman/status/1198030858646687744,0,,,,,,,,[],,,,
1187957725465993216,1187957725465993216,2019-10-26 00:02:47 Hora de verano central (M√©xico),2019-10-26,00:02:47,-0500,902926941413453824,cz_binance,CZ üî∂ Binance,,RIP the technical analysts that predicted btc to $6000...,en,[],[],[],138,160,1303,[],[],https://twitter.com/cz_binance/status/1187957725465993216,False,https://twitter.com/AlexSaundersAU/status/1187913296759799814,0,,,,,,,,[],,,,
1187808706236280832,1187808706236280832,2019-10-25 14:10:38 Hora de verano central (M√©xico),2019-10-25,14:10:38,-0500,902926941413453824,cz_binance,CZ üî∂ Binance,,"Imagine price of $btc, when 1.4 billion more people understand blockchain.  https://t.co/KzmnPNCKIA",en,[],[],['https://pbs.twimg.com/tweet_video_thumb/EHvxt8-UEAA6kqF.jpg'],96,176,927,[],['btc'],https://twitter.com/cz_binance/status/1187808706236280832,False,,1,https://pbs.twimg.com/tweet_video_thumb/EHvxt8-UEAA6kqF.jpg,,,,,,,[],,,,
1172386905528229888,1172386905528229888,2019-09-13 00:49:54 Hora de verano central (M√©xico),2019-09-13,00:49:54,-0500,902926941413453824,cz_binance,CZ üî∂ Binance,,"Smart move for Sportsbet. If they used their own logo, I wouldn't be retweeting for them.  $BTC, just amazing how far a coin could go without a marketing team.  Bitcoin Logo Scores Premier League Exposure to Millions Globally ‚Äì  https://t.co/AME2ROUbxj  https://t.co/UcLEZWseZu",en,[],"['http://CCN.com', 'https://www.ccn.com/bitcoin-logo-watford-premier-league/']",[],72,358,1420,[],['btc'],https://twitter.com/cz_binance/status/1172386905528229888,False,,0,,,,,,,,[],,,,
1172379937040322560,1172379937040322560,2019-09-13 00:22:13 Hora de verano central (M√©xico),2019-09-13,00:22:13,-0500,902926941413453824,cz_binance,CZ üî∂ Binance,,"Hashrate increase means more miners are investing in BTC, they are bullish. You know what follows?  Bitcoin Hash Rate Looks 'Parabolic,' up 30% in a Month - BeInCrypto  https://t.co/s9m2puQtO9",en,[],['https://beincrypto.com/bitcoin-hash-rate-looks-parabolic-up-30-in-a-month/'],[],109,369,1394,[],[],https://twitter.com/cz_binance/status/1172379937040322560,False,,0,,,,,,,,[],,,,
1168581504189915137,1168581504189915137,2019-09-02 12:48:36 Hora de verano central (M√©xico),2019-09-02,12:48:36,-0500,902926941413453824,cz_binance,CZ üî∂ Binance,,"Me explaining btc to people: bitcoin doesn't exist. Nowhere, not in a computer, not in a bank, not physically. It's calculated based on a ledger... And it has tremendous value.  Can I make myself sound more like a rat poison salesman?  Who invented this stuff?",en,[],[],[],131,177,1062,[],[],https://twitter.com/cz_binance/status/1168581504189915137,False,https://twitter.com/cz_binance/status/1168579154196873216,0,,,,,,,,[],,,,
1165533865554804739,1165533865554804739,2019-08-25 02:58:22 Hora de verano central (M√©xico),2019-08-25,02:58:22,-0500,902926941413453824,cz_binance,CZ üî∂ Binance,,"If you own 1 $BTC, you are mathematically guaranteed to be top 3/1000 richest in the world, in BTC terms. (21m / 7B).",en,[],[],[],408,1287,4989,[],['btc'],https://twitter.com/cz_binance/status/1165533865554804739,False,,0,,,,,,,,[],,,,
1157075839495761920,1157075839495761920,2019-08-01 18:49:12 Hora de verano central (M√©xico),2019-08-01,18:49:12,-0500,902926941413453824,cz_binance,CZ üî∂ Binance,,"Slap yourself,  if you sold $BTC under $10,000.",en,[],[],[],835,1068,6011,[],['btc'],https://twitter.com/cz_binance/status/1157075839495761920,False,,0,,,,,,,,[],,,,
1152720132021477376,1152720132021477376,2019-07-20 18:21:10 Hora de verano central (M√©xico),2019-07-20,18:21:10,-0500,902926941413453824,cz_binance,CZ üî∂ Binance,,"How long from now do you think we will see $btc back at $20,000 again?",en,[],[],[],1547,375,2837,[],['btc'],https://twitter.com/cz_binance/status/1152720132021477376,False,,0,,,,,,,,[],,,,
1152240581365518338,1152240581365518338,2019-07-19 10:35:36 Hora de verano central (M√©xico),2019-07-19,10:35:36,-0500,902926941413453824,cz_binance,CZ üî∂ Binance,,"Stable coin is the worst misnomers in crypto. There is nothing stable about it.    While 1 btc still = 1 btc, ""stablecoins"" have dropped by 3x in value against btc in the last 6 months.   If you still like it, we just launched our #BGBP on @BinanceJE. üôè",en,"[{'screen_name': 'binanceje', 'name': 'binance.je', 'id': '1051831570162565123'}]",[],[],112,135,853,['bgbp'],[],https://twitter.com/cz_binance/status/1152240581365518338,False,,0,,,,,,,,[],,,,
1152093384351158272,1152093384351158272,2019-07-19 00:50:42 Hora de verano central (M√©xico),2019-07-19,00:50:42,-0500,902926941413453824,cz_binance,CZ üî∂ Binance,,"If I asked in January, BTC will hit $10,000 and $BNB will hit $29 by June, how would you feel? Most will say they would feel ecstatic. So, let's be that way.",en,[],[],[],170,212,1978,[],['bnb'],https://twitter.com/cz_binance/status/1152093384351158272,False,,0,,,,,,,,[],,,,
1143444335775498245,1143444335775498245,2019-06-25 04:02:28 Hora de verano central (M√©xico),2019-06-25,04:02:28,-0500,902926941413453824,cz_binance,CZ üî∂ Binance,,"$BTC alone is $200B market cap now.  I remember a few days ago, the entire crypto market cap was like $100B.  Bitcoin is pulling its weight, we need to follow the lead, people!  https://t.co/VSRUwUqgjx",en,[],[],['https://pbs.twimg.com/media/D95UifkVAAETRxr.jpg'],166,473,2662,[],['btc'],https://twitter.com/cz_binance/status/1143444335775498245,False,,1,https://pbs.twimg.com/media/D95UifkVAAETRxr.jpg,,,,,,,[],,,,
1143045136495988737,1143045136495988737,2019-06-24 01:36:11 Hora de verano central (M√©xico),2019-06-24,01:36:11,-0500,902926941413453824,cz_binance,CZ üî∂ Binance,,"We had our first Margin liquidation today. Guess what, it was on a #BTC short.  Don't bet against bitcoin, and don't bet again b...",en,[],[],[],199,222,1702,['btc'],[],https://twitter.com/cz_binance/status/1143045136495988737,False,,0,,,,,,,,[],,,,
1142459497660575744,1142459497660575744,2019-06-22 10:49:04 Hora de verano central (M√©xico),2019-06-22,10:49:04,-0500,902926941413453824,cz_binance,CZ üî∂ Binance,,"How many return to ATH of $btc have you seen?  Other than the digits being different, the community reaction is so similar, everytime.",en,[],[],[],83,76,982,[],['btc'],https://twitter.com/cz_binance/status/1142459497660575744,False,,0,,,,,,,,[],,,,
1141148574350053376,1141148574350053376,2019-06-18 19:59:56 Hora de verano central (M√©xico),2019-06-18,19:59:56,-0500,902926941413453824,cz_binance,CZ üî∂ Binance,,"Facebook should accept $BTC (and $BNB of course) alone side $Libra in the WhatsApp, Messenger, Facebook, and Instagram apps.  ""Can't and must not work"" won't be possible for bitcoin.  It's already working.",en,[],[],[],176,309,1624,[],"['btc', 'bnb', 'libra']",https://twitter.com/cz_binance/status/1141148574350053376,False,https://twitter.com/APompliano/status/1140998194970730496,0,,,,,,,,[],,,,
1140587447983624198,1140587447983624198,2019-06-17 06:50:13 Hora de verano central (M√©xico),2019-06-17,06:50:13,-0500,902926941413453824,cz_binance,CZ üî∂ Binance,,"There will be a transfer of 9001 BTC soon, no need to FUD. It's for a good thing, details to follow. Waiting for whale_alert.",en,[],[],[],433,582,3576,[],[],https://twitter.com/cz_binance/status/1140587447983624198,False,,0,,,,,,,,[],,,,
1140040139571204096,1140040139571204096,2019-06-15 18:35:24 Hora de verano central (M√©xico),2019-06-15,18:35:24,-0500,902926941413453824,cz_binance,CZ üî∂ Binance,,"And this time, it's not just $btc. Many other blockchains that were just concepts in 2017 have materialized and have real transactions and volumes.  Onwards. #altszn",en,[],[],[],100,249,1431,['altszn'],['btc'],https://twitter.com/cz_binance/status/1140040139571204096,False,https://twitter.com/CoinDesk/status/1139948046819762177,0,,,,,,,,[],,,,
1135130420033380352,1135130420033380352,2019-06-02 05:25:56 Hora de verano central (M√©xico),2019-06-02,05:25:56,-0500,902926941413453824,cz_binance,CZ üî∂ Binance,,"8 years ago, $BTC price was $8.499. What's the % increase today?  https://t.co/wdM6E62alt",en,[],[],['https://pbs.twimg.com/media/D8DKVj8VUAUZabf.png'],243,397,1778,[],['btc'],https://twitter.com/cz_binance/status/1135130420033380352,False,,1,https://pbs.twimg.com/media/D8DKVj8VUAUZabf.png,,,,,,,[],,,,
1132189382939557889,1132189382939557889,2019-05-25 02:39:18 Hora de verano central (M√©xico),2019-05-25,02:39:18,-0500,902926941413453824,cz_binance,CZ üî∂ Binance,,When (not if) btc breaks from that 8000...,en,[],[],[],60,134,877,[],[],https://twitter.com/cz_binance/status/1132189382939557889,False,https://twitter.com/CryptoGodfatha/status/1131939204202545152,0,,,,,,,,[],,,,
1126317994160713728,1126317994160713728,2019-05-08 21:48:30 Hora de verano central (M√©xico),2019-05-08,21:48:30,-0500,902926941413453824,cz_binance,CZ üî∂ Binance,,"Wait, what?  BTC $6094.80 as of this writing.",en,[],[],[],181,127,1196,[],[],https://twitter.com/cz_binance/status/1126317994160713728,False,https://twitter.com/BitcoinIsSaving/status/1126302951239225344,0,,,,,,,,[],,,,
1126005587353821184,1125974478536826880,2019-05-08 01:07:06 Hora de verano central (M√©xico),2019-05-08,01:07:06,-0500,902926941413453824,cz_binance,CZ üî∂ Binance,,@CryptoDonAlt We have enough BTC to cover.,en,[],[],[],64,98,1043,[],[],https://twitter.com/cz_binance/status/1126005587353821184,False,,0,,,,,,,,"[{'screen_name': 'CryptoDonAlt', 'name': 'DonAlt', 'id': '878219545785372673'}]",,,,
1125996197343154176,1125996194734399488,2019-05-08 00:29:48 Hora de verano central (M√©xico),2019-05-08,00:29:48,-0500,902926941413453824,cz_binance,CZ üî∂ Binance,,"cons: 1 we may damage credibility of BTC, 2 we may cause a split in both the bitcoin network and community. Both of these damages seems to out-weight $40m revenge. 3 the hackers did demonstrate certain weak points in our design and user confusion, that was not obvious before.",en,[],[],[],94,112,1186,[],[],https://twitter.com/cz_binance/status/1125996197343154176,False,,0,,,,,,,,[],,,,
1119564398475919360,1119529285348417536,2019-04-20 06:32:07 Hora de verano central (M√©xico),2019-04-20,06:32:07,-0500,902926941413453824,cz_binance,CZ üî∂ Binance,,"@JohnyQi @PeterMcCormack @JohanDXB @CalvinAyre No need to worry in this case, if anyone can send you 1 btc from a Satoshi address, I'd be honored to cover the 250k for ya.",en,[],[],[],61,111,1777,[],[],https://twitter.com/cz_binance/status/1119564398475919360,False,,0,,,,,,,,"[{'screen_name': 'PeterMcCormack', 'name': 'Peter McCormack', 'id': '893818632089763840'}, {'screen_name': 'CalvinAyre', 'name': 'Calvin Ayre', 'id': '32318850'}]",,,,
1116622696945602561,1116563034476957699,2019-04-12 03:42:51 Hora de verano central (M√©xico),2019-04-12,03:42:51,-0500,902926941413453824,cz_binance,CZ üî∂ Binance,,"@MustacheTommy I normally don't like get involved in debates, pick sides, etc.  But this is going too far.  I also didn't like the fact that the fork caused BTC to drop below $6k, which caused pain to many in the industry.",en,[],[],[],114,165,1621,[],[],https://twitter.com/cz_binance/status/1116622696945602561,False,,0,,,,,,,,"[{'screen_name': 'MustacheTommy', 'name': 'Tommy Mustache #‚ù§Ô∏è‚ù§Ô∏è‚ù§Ô∏è', 'id': '75149736'}]",,,,
1112976613514174464,1112976613514174464,2019-04-02 01:14:37 Hora est√°ndar central (M√©xico),2019-04-02,01:14:37,-0500,902926941413453824,cz_binance,CZ üî∂ Binance,,when you short $BTC,en,[],[],[],107,298,1592,[],['btc'],https://twitter.com/cz_binance/status/1112976613514174464,False,https://twitter.com/edwardmorra_btc/status/1112973367114690560,0,,,,,,,,[],,,,
1110469075690360832,1110469075690360832,2019-03-26 03:10:33 Hora est√°ndar central (M√©xico),2019-03-26,03:10:33,-0500,902926941413453824,cz_binance,CZ üî∂ Binance,,"I find it interesting most non-bitcoiners thinks bitcoin's started at $20,000, with statements like 85% drop, etc, lol.  What price did you buy your first BTC at?   https://t.co/wmHmujTU90",en,[],['https://www.forbes.com/sites/billybambrough/2019/03/26/the-next-bitcoin-price-rally-could-be-sparked-by-a-surprising-source/'],[],401,376,1737,[],[],https://twitter.com/cz_binance/status/1110469075690360832,False,,0,,,,,,,,[],,,,
1110200406833979392,1110200406833979392,2019-03-25 09:22:58 Hora est√°ndar central (M√©xico),2019-03-25,09:22:58,-0500,902926941413453824,cz_binance,CZ üî∂ Binance,,"If you knew in 2016, that BTC price will be $4000 in 2019, would you call 2019 a bear market?  And what would you have done back then?",en,[],[],[],110,143,843,[],[],https://twitter.com/cz_binance/status/1110200406833979392,False,https://twitter.com/Cointelegraph/status/1110196353865601024,0,,,,,,,,[],,,,
1108554595083575298,1108554595083575298,2019-03-20 20:23:06 Hora est√°ndar central (M√©xico),2019-03-20,20:23:06,-0500,902926941413453824,cz_binance,CZ üî∂ Binance,,"Failsafe, just in case if you don't get along with your future boss, @binance is hiring too. Won't be reporting to me, but we can pay in BTC or #BNB.  Please apply on Binance homepage.   https://t.co/EtPD2bFzOK  Some friendly competition for talent, lol. :)",en,"[{'screen_name': 'binance', 'name': 'binance', 'id': '877807935493033984'}]",['http://www.binance.com'],[],83,130,810,['bnb'],[],https://twitter.com/cz_binance/status/1108554595083575298,False,https://twitter.com/jack/status/1108487911802966017,0,,,,,,,,[],,,,
1102070118052331520,1102070118052331520,2019-03-02 22:56:06 Hora est√°ndar central (M√©xico),2019-03-02,22:56:06,-0500,902926941413453824,cz_binance,CZ üî∂ Binance,,Standard range 10 btc.  Let's see in a few years.,en,[],[],[],75,172,1156,[],[],https://twitter.com/cz_binance/status/1102070118052331520,False,https://twitter.com/Tesla/status/1101273665943961600,0,,,,,,,,[],,,,
1090491816888029186,1090491816888029186,2019-01-30 00:08:04 Hora est√°ndar central (M√©xico),2019-01-30,00:08:04,-0500,902926941413453824,cz_binance,CZ üî∂ Binance,,"The amount of security efforts going on in an exchange is not easy to imagine. Here is an example of @binance's big data AI system preventing a user who got SIM swapped, email and 2FA both hacked from losing his 46 BTC.  stay #safu.  https://t.co/NSb2lZIsld",en,"[{'screen_name': 'binance', 'name': 'binance', 'id': '877807935493033984'}]",[],['https://pbs.twimg.com/media/DyI0P2EVAAIsaxr.jpg'],76,150,940,['safu'],[],https://twitter.com/cz_binance/status/1090491816888029186,False,,1,https://pbs.twimg.com/media/DyI0P2EVAAIsaxr.jpg,,,,,,,[],,,,
1064901607425376257,1064901607425376257,2018-11-20 09:21:42 Hora est√°ndar central (M√©xico),2018-11-20,09:21:42,-0500,902926941413453824,cz_binance,CZ üî∂ Binance,,"I wish I could tell you my lame story from 2015, when the $btc price ""crashed"" to below $200, and I just sold my house and bought in at $600 a few months earlier...  Well, I am still here.",en,[],[],[],304,1332,6145,[],['btc'],https://twitter.com/cz_binance/status/1064901607425376257,False,,0,,,,,,,,[],,,,
1064446725115375616,1064446725115375616,2018-11-19 03:14:10 Hora est√°ndar central (M√©xico),2018-11-19,03:14:10,-0500,902926941413453824,cz_binance,CZ üî∂ Binance,,"Just converted one more of our lawyers to take $btc for fees, even on a day like this.",en,[],[],[],136,188,1900,[],['btc'],https://twitter.com/cz_binance/status/1064446725115375616,False,,0,,,,,,,,[],,,,
1051800877525127168,1051800877525127168,2018-10-15 06:44:05 Hora de verano central (M√©xico),2018-10-15,06:44:05,-0500,902926941413453824,cz_binance,CZ üî∂ Binance,,"Learned today, short term, launching a fiat exchange that required months of work had less positive impact than FUD about USDT (a single photoshopped fake announcement) on BTC price.  But I also know for a fact, long term, hard work wins.  Keep building!",en,[],[],[],116,409,2333,[],[],https://twitter.com/cz_binance/status/1051800877525127168,False,,0,,,,,,,,[],,,,
1042829836786425856,1042829836786425856,2018-09-20 12:36:22 Hora de verano central (M√©xico),2018-09-20,12:36:22,-0500,902926941413453824,cz_binance,CZ üî∂ Binance,,"From $0.003 in the first transaction of BTC in 2010, to $6000 support in 2018, BTC has grown 2,000,000 times in the last 7 years.  Let's dare the crypto market will do 1/2000th of that in the next few years? 1000x.",en,[],[],[],117,840,2697,[],[],https://twitter.com/cz_binance/status/1042829836786425856,False,https://twitter.com/Binance_Angel/status/1042815956626677760,0,,,,,,,,[],,,,
1033384940077867008,1033384940077867008,2018-08-25 11:05:43 Hora de verano central (M√©xico),2018-08-25,11:05:43,-0500,902926941413453824,cz_binance,CZ üî∂ Binance,,"Accumulation is key!  I heard for many people, the first time they buy BTC is the most BTC they have had so far, even/especially after years of hard work trading/investing/etc. They sell, and price goes up.  Does this ring true for you?",en,[],[],[],60,158,819,[],[],https://twitter.com/cz_binance/status/1033384940077867008,False,https://twitter.com/APompliano/status/1033181695288270848,0,,,,,,,,[],,,,
1032512551047708677,1032512551047708677,2018-08-23 01:19:09 Hora de verano central (M√©xico),2018-08-23,01:19:09,-0500,902926941413453824,cz_binance,CZ üî∂ Binance,,"2017 Sept: BTC price $3000, FUD / negative news abound.  3 months later: BTC price $20,000.",en,[],[],[],232,1333,4860,[],[],https://twitter.com/cz_binance/status/1032512551047708677,False,,0,,,,,,,,[],,,,
1028190371719786496,1028190371719786496,2018-08-11 03:04:22 Hora de verano central (M√©xico),2018-08-11,03:04:22,-0500,902926941413453824,cz_binance,CZ üî∂ Binance,,"We don't list shitcoins even if they pay 400 or 4,000 BTC. ETH/NEO/XRP/EOS/XMR/LTC/more listed with no fee. Question is not ‚Äúhow much does Binance charge to list?‚Äù but ‚Äúis my coin good enough?‚Äù  It‚Äôs not the fee, it's your project!  Focus on your own project!",en,[],[],[],852,988,4697,[],[],https://twitter.com/cz_binance/status/1028190371719786496,False,,0,,,,,,,,[],,,,
1016015829731893251,1016015829731893251,2018-07-08 12:47:05 Hora de verano central (M√©xico),2018-07-08,12:47:05,-0500,902926941413453824,cz_binance,CZ üî∂ Binance,,"Just checked, btc price was $2500 a year ago, today $6800. Trading volume for btc was 780m a year ago, today is 3.4b. There you go.  https://t.co/XxjF7iYhgQ",en,[],['https://twitter.com/biancayijiachen/status/1016003140624273409'],[],137,1020,3307,[],[],https://twitter.com/cz_binance/status/1016015829731893251,False,https://twitter.com/biancayijiachen/status/1016003140624273409,0,,,,,,,,[],,,,
1015752745918369792,1015752745918369792,2018-07-07 19:21:41 Hora de verano central (M√©xico),2018-07-07,19:21:41,-0500,902926941413453824,cz_binance,CZ üî∂ Binance,,"Our hearts go out to the victims in West Japan. @binance will begin with a $1,000,000 USD equivalent donation in either BNB, BTC, or JPY.  We also ask our crypto partners to join us and help our friends in need.",en,"[{'screen_name': 'binance', 'name': 'binance', 'id': '877807935493033984'}]",[],[],197,1368,4325,[],[],https://twitter.com/cz_binance/status/1015752745918369792,False,,0,,,,,,,,[],,,,
1006891610573946881,1006891610573946881,2018-06-13 08:30:41 Hora de verano central (M√©xico),2018-06-13,08:30:41,-0500,902926941413453824,cz_binance,CZ üî∂ Binance,,$66 trillion market cap for the world's top securities exchanges combined.  Guess what the BTC price will be when these tokens take off?  https://t.co/52v4taa5vm,en,[],['https://twitter.com/APompliano/status/1006854442656944129'],[],110,558,1915,[],[],https://twitter.com/cz_binance/status/1006891610573946881,False,https://twitter.com/APompliano/status/1006854442656944129,0,,,,,,,,[],,,,
1005689649493209090,1005689649493209090,2018-06-10 00:54:31 Hora de verano central (M√©xico),2018-06-10,00:54:31,-0500,902926941413453824,cz_binance,CZ üî∂ Binance,,"Many people seems to think BTC price was flat before this year, as they appear to be on the graph.  To the old timers, it's the same pattern every year.  Just the units on the left is different.  https://t.co/mwu8U3jn0J",en,[],[],"['https://pbs.twimg.com/media/DfTst6OUYAAVEZP.jpg', 'https://pbs.twimg.com/media/DfTs40DUYAIBTvs.jpg', 'https://pbs.twimg.com/media/DfTs9tjV4AAggin.jpg', 'https://pbs.twimg.com/media/DfTtO60VAAA_FjU.jpg']",141,1223,3607,[],[],https://twitter.com/cz_binance/status/1005689649493209090,False,,1,https://pbs.twimg.com/media/DfTst6OUYAAVEZP.jpg,,,,,,,[],,,,
1002270296424894465,1002270296424894465,2018-05-31 14:27:14 Hora de verano central (M√©xico),2018-05-31,14:27:14,-0500,902926941413453824,cz_binance,CZ üî∂ Binance,,"Speaking of Italy, got stuck solid for 2 hours on the highway due to an accident (which made the news) ahead. People started to BBQ and play badminton on the highway.  A civilization that know how to enjoy any circumstance.  Kudos, and thanks for pumping btc price!  https://t.co/iKdvN318o5",en,[],[],['https://pbs.twimg.com/media/DejHgnwU0AAFzI7.jpg'],84,254,2272,[],[],https://twitter.com/cz_binance/status/1002270296424894465,False,,1,https://pbs.twimg.com/media/DejHgnwU0AAFzI7.jpg,,,,,,,[],,,,
